AllstonBrighton,02163
AllstonBrighton,02134
AllstonBrighton,02135
Downtown,02108
Downtown,02109
Downtown,02110
Downtown,02112
Downtown,02113
Downtown,02114
Downtown,02116
Downtown,02117
Downtown,02196
Downtown,02199
Downtown,02205
Charlestown,02129
EastBoston,02128
NorthDorchester,02121
NorthDorchester,02125
SouthDorchester,02122
SouthDorchester,02124
Fenway,02115
Fenway,02123
Fenway,02215
HydePark,02136
HydePark,02137
JamaicaPlain,02130
Mattapan,02126
Roslindale,02131
Roxbury,02119
Roxbury,02120
SouthBoston,02127
SouthBoston,02210
SouthEnd,02111
SouthEnd,02118
WestRoxbury,02132